{"cameraMode":{"drawMode":0,"name":"Shaded","section":"Shading Mode"},"sceneLighting":false,"audioPlay":false,"sceneViewState":{"m_AlwaysRefresh":false,"showFog":true,"showSkybox":false,"showFlares":true,"showImageEffects":true,"showParticleSystems":true,"showVisualEffectGraphs":true,"m_FxEnabled":true},"in2DMode":false,"pivot":{"x":373.2741394042969,"y":378.9518737792969,"z":965.29052734375},"rotation":{"x":0.010190214030444622,"y":-0.0009028586791828275,"z":-0.000009179619155474938,"w":-0.9999479055404663},"size":1060.4542236328125,"orthographic":false}