{"cameraMode":{"drawMode":0,"name":"Shaded","section":"Shading Mode"},"sceneLighting":false,"audioPlay":false,"sceneViewState":{"m_AlwaysRefresh":false,"showFog":true,"showSkybox":false,"showFlares":true,"showImageEffects":true,"showParticleSystems":true,"showVisualEffectGraphs":true,"m_FxEnabled":true},"in2DMode":false,"pivot":{"x":277.5533752441406,"y":169.43687438964845,"z":-537.1871948242188},"rotation":{"x":-0.013803798705339432,"y":-0.027896637097001077,"z":0.00038528707227669656,"w":-0.9995156526565552},"size":103.27932739257813,"orthographic":false}